shots,precision,recall,fscore,accuracy,test_size
10,0.006701631701631702,0.0018682690307404266,0.0028956228956228958,0.09693877551020408,196
15,0.0,0.0,0.0,0.0,196
30,0.017948717948717947,0.0006127585074953496,0.001183826167170604,0.015306122448979591,196
