shots,precision,recall,fscore,accuracy,test_size
10.0,0.7487854123476045,0.8038942585011044,0.7515931927653194,0.7551020408163265,147.0
15.0,0.783512528701208,0.8149424114951908,0.7834280303030303,0.7891156462585034,147.0
30.0,0.7633666398201282,0.7889291023602845,0.7570880463346252,0.7619047619047619,147.0
50.0,0.7738924174320891,0.81055644658291,0.7766738616507349,0.782312925170068,147.0
70.0,0.7879336846728151,0.8215893583196161,0.7823372650702458,0.7891156462585034,147.0
90.0,0.7873593073593074,0.8211848787968317,0.7692315309962369,0.7687074829931972,147.0
120.0,0.8041705417344803,0.8330660251269714,0.7913321469441879,0.7959183673469388,147.0
