shots,precision,recall,fscore,accuracy,test_size
10,0.08793669336893635,0.061974762822587084,0.055331027667984194,0.32653061224489793,147
15,0.0,0.0,0.0,0.0,147
