shots,precision,recall,fscore,accuracy,test_size
10,0.4180256384203752,0.4013421685729962,0.38747865095119705,0.6394557823129252,147
15,0.3382982546902425,0.3267693341211891,0.31557707362137993,0.6122448979591837,147
30,0.343655303030303,0.3031726435843686,0.3072250424469233,0.5714285714285714,147
50,0.37863354037267083,0.32847187468805666,0.3354219200411336,0.5578231292517006,147
70,0.3625421270238343,0.3381211398584673,0.3292694587875311,0.6190476190476191,147
90,0.3553621263093509,0.3252657254604032,0.32323296804461144,0.6054421768707483,147
120,0.4192821067821068,0.3856108461477136,0.38978791526668527,0.5510204081632653,147
