shots,precision,recall,fscore,accuracy,test_size
10.0,0.2166412019353195,0.1152489797585854,0.1491895523016682,0.4171428571428571,196.0
15.0,0.204529267029267,0.1281022464035608,0.1559447765275824,0.5028571428571429,196.0
30.0,0.2075280408613742,0.1256172393685032,0.1533179012345679,0.48,196.0
50.0,0.22516542653963373,0.13274279063752747,0.1669848299957971,0.4846938775510204,196.0
70.0,0.25268292682926835,0.1508225616921269,0.18861936137477936,0.5,196.0
90.0,0.20901229273870783,0.1488831508854392,0.1727502085495127,0.5867346938775511,196.0
120.0,0.20226957726957726,0.12482337997212138,0.1518980503772129,0.5204081632653061,196.0
